<ImportExportXml xmlns:xsi="http://www.w3.org/2001/XMLSchema-instance" OrganizationVersion="9.2.25021.188" OrganizationSchemaType="Standard" CRMServerServiceabilityVersion="9.2.25021.00188">
  <Entities></Entities>
  <Roles></Roles>
  <Workflows>
    <Workflow WorkflowId="{6ae4efa0-04f2-ef11-be21-6045bd12e835}" Name="Execute Feedback Copilot">
      <JsonFileName>/Workflows/ExecuteFeedbackCopilot-6AE4EFA0-04F2-EF11-BE21-6045BD12E835.json</JsonFileName>
      <Type>1</Type>
      <Subprocess>0</Subprocess>
      <Category>5</Category>
      <Mode>0</Mode>
      <Scope>4</Scope>
      <OnDemand>0</OnDemand>
      <TriggerOnCreate>0</TriggerOnCreate>
      <TriggerOnDelete>0</TriggerOnDelete>
      <AsyncAutodelete>0</AsyncAutodelete>
      <SyncWorkflowLogOnFailure>0</SyncWorkflowLogOnFailure>
      <StateCode>1</StateCode>
      <StatusCode>2</StatusCode>
      <RunAs>1</RunAs>
      <IsTransacted>1</IsTransacted>
      <IntroducedVersion>1.0.0.1</IntroducedVersion>
      <IsCustomizable>1</IsCustomizable>
      <BusinessProcessType>0</BusinessProcessType>
      <IsCustomProcessingStepAllowedForOtherPublishers>1</IsCustomProcessingStepAllowedForOtherPublishers>
      <PrimaryEntity>none</PrimaryEntity>
      <LocalizedNames>
        <LocalizedName languagecode="1033" description="Execute Feedback Copilot" />
      </LocalizedNames>
    </Workflow>
    <Workflow WorkflowId="{916f408a-bcf2-ef11-be21-6045bd12e835}" Name="Content Safety Check">
      <JsonFileName>/Workflows/ContentSafetyCheck-916F408A-BCF2-EF11-BE21-6045BD12E835.json</JsonFileName>
      <Type>1</Type>
      <Subprocess>0</Subprocess>
      <Category>5</Category>
      <Mode>0</Mode>
      <Scope>4</Scope>
      <OnDemand>0</OnDemand>
      <TriggerOnCreate>0</TriggerOnCreate>
      <TriggerOnDelete>0</TriggerOnDelete>
      <AsyncAutodelete>0</AsyncAutodelete>
      <SyncWorkflowLogOnFailure>0</SyncWorkflowLogOnFailure>
      <StateCode>1</StateCode>
      <StatusCode>2</StatusCode>
      <RunAs>1</RunAs>
      <IsTransacted>1</IsTransacted>
      <IntroducedVersion>1.0.0.1</IntroducedVersion>
      <IsCustomizable>1</IsCustomizable>
      <BusinessProcessType>0</BusinessProcessType>
      <IsCustomProcessingStepAllowedForOtherPublishers>1</IsCustomProcessingStepAllowedForOtherPublishers>
      <PrimaryEntity>none</PrimaryEntity>
      <LocalizedNames>
        <LocalizedName languagecode="1033" description="Content Safety Check" />
      </LocalizedNames>
    </Workflow>
  </Workflows>
  <FieldSecurityProfiles></FieldSecurityProfiles>
  <Templates />
  <EntityMaps />
  <EntityRelationships />
  <OrganizationSettings />
  <optionsets />
  <CustomControls />
  <EntityDataProviders />
  <CanvasApps>
    <CanvasApp>
      <Name>fr_feedback_48df4</Name>
      <AppVersion>2025-02-26T15:18:02Z</AppVersion>
      <Status>Ready</Status>
      <CreatedByClientVersion>3.25023.6.0</CreatedByClientVersion>
      <MinClientVersion>3.25023.6.0</MinClientVersion>
      <Tags>{"primaryDeviceWidth":"1366","primaryDeviceHeight":"768","supportsPortrait":"true","supportsLandscape":"true","primaryFormFactor":"Tablet","showStatusBar":"false","publisherVersion":"3.25023.6","minimumRequiredApiVersion":"2.2.0","hasComponent":"false","hasUnlockedComponent":"false","isUnifiedRootApp":"false","sienaVersion":"20250224T171539Z-3.25022.8.0"}</Tags>
      <IsCdsUpgraded>0</IsCdsUpgraded>
      <GalleryItemId xsi:nil="true"></GalleryItemId>
      <BackgroundColor>RGBA(0,176,240,1)</BackgroundColor>
      <DisplayName>feedback</DisplayName>
      <Description xsi:nil="true"></Description>
      <CommitMessage xsi:nil="true"></CommitMessage>
      <Publisher></Publisher>
      <AuthorizationReferences>[]</AuthorizationReferences>
      <ConnectionReferences>{"0112ee77-d751-44e8-a6c8-9b39a33e5a53":{"id":"/providers/microsoft.powerapps/apis/shared_office365users","displayName":"Office 365 Users","iconUri":"https://conn-afd-prod-endpoint-bmc9bqahasf3grgk.b01.azurefd.net/releases/v1.0.1732/1.0.1732.4070/office365users/icon.png","dataSources":["Office365Users"],"dependencies":[],"dependents":[],"parameterHints":{},"parameterHintsV2":{},"isOnPremiseConnection":false,"bypassConsent":false,"dataSets":{},"apiTier":"Standard","actions":["MyProfile_V2","UserProfile_V2","UserPhoto_V2","SearchUser"]},"fbe4ab72-d9d6-4630-b2b8-efee96de5aa0":{"id":"/providers/microsoft.powerapps/apis/shared_office365","displayName":"Office 365 Outlook","iconUri":"https://conn-afd-prod-endpoint-bmc9bqahasf3grgk.b01.azurefd.net/releases/v1.0.1722/1.0.1722.3975/office365/icon.png","dataSources":["Office365Outlook"],"dependencies":[],"dependents":[],"parameterHints":{},"parameterHintsV2":{},"isOnPremiseConnection":false,"bypassConsent":false,"dataSets":{},"apiTier":"Standard","actions":["SendEmailV2"]},"8ce6d726-f534-4714-82ff-6b25629b8dfa":{"id":"/providers/microsoft.powerapps/apis/shared_office365groups","displayName":"Office 365 Groups","iconUri":"https://conn-afd-prod-endpoint-bmc9bqahasf3grgk.b01.azurefd.net/releases/v1.0.1681/1.0.1681.3663/office365groups/icon.png","dataSources":["Office365Groups"],"dependencies":[],"dependents":[],"parameterHints":{},"parameterHintsV2":{},"isOnPremiseConnection":false,"bypassConsent":false,"dataSets":{},"apiTier":"Standard"},"18347cdc-57e4-4803-9a70-92a6033af24e":{"id":"/providers/microsoft.powerapps/apis/shared_logicflows","displayName":"Logic flows","iconUri":"https://conn-afd-prod-endpoint-bmc9bqahasf3grgk.b01.azurefd.net/releases/v1.0.1725/1.0.1725.4004/logicflows/icon.png","dataSources":["ExecuteFeedbackCopilot"],"dependencies":["a3eea2d0-654b-4f38-93f7-3942bcac0088"],"dependents":[],"parameterHints":{"workflowName":{"value":"0af59228-48f0-4b1f-9d2e-26e38f829a02"},"workflowEntityId":{"value":"6ae4efa0-04f2-ef11-be21-6045bd12e835"},"workflowDisplayName":{"value":"Execute Feedback Copilot"},"a3eea2d0-654b-4f38-93f7-3942bcac0088":{"value":"shared_microsoftcopilotstudio"}},"parameterHintsV2":{"workflowName":{"value":"0af59228-48f0-4b1f-9d2e-26e38f829a02"},"workflowEntityId":{"value":"6ae4efa0-04f2-ef11-be21-6045bd12e835"},"workflowDisplayName":{"value":"Execute Feedback Copilot"},"shared_microsoftcopilotstudio":{"value":"a3eea2d0-654b-4f38-93f7-3942bcac0088"}},"isOnPremiseConnection":false,"bypassConsent":false,"dataSets":{},"apiTier":"Standard","actions":["Run"]},"a3eea2d0-654b-4f38-93f7-3942bcac0088":{"id":"/providers/microsoft.powerapps/apis/shared_microsoftcopilotstudio","displayName":"Microsoft Copilot Studio (Preview)","iconUri":"https://conn-afd-prod-endpoint-bmc9bqahasf3grgk.b01.azurefd.net/releases/v1.0.1727/1.0.1727.4019/microsoftcopilotstudio/icon.png","dataSources":[],"dependencies":[],"dependents":["18347cdc-57e4-4803-9a70-92a6033af24e"],"parameterHints":{},"parameterHintsV2":{},"isOnPremiseConnection":false,"bypassConsent":false,"dataSets":{},"apiTier":"Standard"},"608c6b70-4f60-4bd4-b505-51773865a455":{"id":"/providers/microsoft.powerapps/apis/shared_logicflows","displayName":"Logic flows","iconUri":"https://conn-afd-prod-endpoint-bmc9bqahasf3grgk.b01.azurefd.net/releases/v1.0.1725/1.0.1725.4004/logicflows/icon.png","dataSources":["ContentSafetyCheck"],"dependencies":[],"dependents":[],"parameterHints":{"workflowName":{"value":"7a6f2f6c-8ef5-44c0-88f5-6f91b5c3b3c4"},"workflowEntityId":{"value":"916f408a-bcf2-ef11-be21-6045bd12e835"},"workflowDisplayName":{"value":"Content Safety Check"}},"parameterHintsV2":{"workflowName":{"value":"7a6f2f6c-8ef5-44c0-88f5-6f91b5c3b3c4"},"workflowEntityId":{"value":"916f408a-bcf2-ef11-be21-6045bd12e835"},"workflowDisplayName":{"value":"Content Safety Check"}},"isOnPremiseConnection":false,"bypassConsent":false,"dataSets":{},"apiTier":"Standard","actions":["Run"]}}</ConnectionReferences>
      <DatabaseReferences>{}</DatabaseReferences>
      <AppComponents>[]</AppComponents>
      <AppComponentDependencies>[]</AppComponentDependencies>
      <CanConsumeAppPass>1</CanConsumeAppPass>
      <CanvasAppType>0</CanvasAppType>
      <BypassConsent>0</BypassConsent>
      <AdminControlBypassConsent>0</AdminControlBypassConsent>
      <EmbeddedApp xsi:nil="true"></EmbeddedApp>
      <IntroducedVersion>1.0</IntroducedVersion>
      <CdsDependencies>{"cdsdependencies":[{"dependencyid":"6ae4efa0-04f2-ef11-be21-6045bd12e835","componenttype":29,"componenttypeplatformname":"Workflow"},{"dependencyid":"916f408a-bcf2-ef11-be21-6045bd12e835","componenttype":29,"componenttypeplatformname":"Workflow"}]}</CdsDependencies>
      <IsCustomizable>1</IsCustomizable>
      <BackgroundImageUri>/CanvasApps/fr_feedback_48df4_BackgroundImageUri</BackgroundImageUri>
      <DocumentUri>/CanvasApps/fr_feedback_48df4_DocumentUri.msapp</DocumentUri>
      <AdditionalUris>
        <AdditionalUri>/CanvasApps/fr_feedback_48df4_AdditionalUris0_identity.json</AdditionalUri>
      </AdditionalUris>
    </CanvasApp>
  </CanvasApps>
  <connectionreferences>
    <connectionreference connectionreferencelogicalname="fr_cc_groups">
      <connectionreferencedisplayname>cc groups</connectionreferencedisplayname>
      <connectorid>/providers/Microsoft.PowerApps/apis/shared_office365groups</connectorid>
      <iscustomizable>1</iscustomizable>
      <promptingbehavior>0</promptingbehavior>
      <statecode>0</statecode>
      <statuscode>1</statuscode>
    </connectionreference>
    <connectionreference connectionreferencelogicalname="fr_cc_officeusers">
      <connectionreferencedisplayname>cc office users</connectionreferencedisplayname>
      <connectorid>/providers/Microsoft.PowerApps/apis/shared_office365users</connectorid>
      <iscustomizable>1</iscustomizable>
      <promptingbehavior>0</promptingbehavior>
      <statecode>0</statecode>
      <statuscode>1</statuscode>
    </connectionreference>
    <connectionreference connectionreferencelogicalname="fr_cc_outlook">
      <connectionreferencedisplayname>cc outlook</connectionreferencedisplayname>
      <connectorid>/providers/Microsoft.PowerApps/apis/shared_office365</connectorid>
      <iscustomizable>1</iscustomizable>
      <promptingbehavior>0</promptingbehavior>
      <statecode>0</statecode>
      <statuscode>1</statuscode>
    </connectionreference>
  </connectionreferences>
  <Languages>
    <Language>1033</Language>
  </Languages>
</ImportExportXml>