{
  "properties": {
    "connectionReferences": {},
    "definition": {
      "$schema": "https://schema.management.azure.com/providers/Microsoft.Logic/schemas/2016-06-01/workflowdefinition.json#",
      "contentVersion": "1.0.0.0",
      "parameters": {
        "$authentication": {
          "defaultValue": {},
          "type": "SecureObject"
        },
        "AzureContentSafetyEndPoint (fr_AzureContentSafety)": {
          "defaultValue": "https://rescontentsafe1749361086.cognitiveservices.azure.com/contentsafety/text:analyze?api-version=2023-10-01",
          "type": "String",
          "metadata": {
            "schemaName": "fr_AzureContentSafety"
          }
        },
        "Azure Content Safety Key (fr_AzureContentSafetyKey)": {
          "defaultValue": "C9BCh3hZ5oF4kl6n5HTdiSRhJpgYzr13XgaFs48xOv35Xlxc01CEJQQJ99BBACHYHv6XJ3w3AAAAACOGvvlz",
          "type": "String",
          "metadata": {
            "schemaName": "fr_AzureContentSafetyKey"
          }
        }
      },
      "triggers": {
        "manual": {
          "metadata": {
            "operationMetadataId": "07804670-2843-4cb3-9de0-f15546f033aa"
          },
          "type": "Request",
          "kind": "PowerAppV2",
          "inputs": {
            "schema": {
              "type": "object",
              "properties": {
                "text": {
                  "title": "Input",
                  "type": "string",
                  "x-ms-dynamically-added": true,
                  "description": "Please enter your input",
                  "x-ms-content-hint": "TEXT"
                }
              },
              "required": [
                "text"
              ]
            }
          }
        }
      },
      "actions": {
        "HTTP:_Content_Safety_Check": {
          "runAfter": {},
          "metadata": {
            "operationMetadataId": "6de17e4f-4879-442c-b010-1afa52d83d02"
          },
          "type": "Http",
          "inputs": {
            "method": "POST",
            "uri": "@parameters('AzureContentSafetyEndPoint (fr_AzureContentSafety)')",
            "headers": {
              "Content-Type": "application/json",
              "Ocp-Apim-Subscription-key": "@parameters('Azure Content Safety Key (fr_AzureContentSafetyKey)')"
            },
            "body": {
              "text": "@triggerBody()['text']"
            }
          }
        },
        "Respond_to_a_Power_App_or_flow": {
          "runAfter": {
            "HTTP:_Content_Safety_Check": [
              "Succeeded"
            ]
          },
          "metadata": {
            "operationMetadataId": "ecbcd7b4-22ef-4899-a280-8777fa65dcf0"
          },
          "type": "Response",
          "kind": "PowerApp",
          "inputs": {
            "statusCode": 200,
            "body": {
              "output": "@{body('HTTP:_Content_Safety_Check')?['categoriesAnalysis']}"
            },
            "schema": {
              "type": "object",
              "properties": {
                "output": {
                  "title": "Output",
                  "x-ms-dynamically-added": true,
                  "type": "string"
                }
              }
            }
          }
        }
      }
    },
    "templateName": ""
  },
  "schemaVersion": "1.0.0.0"
}